{
  "resourceType" : "ValueSet",
  "id" : "no-basis-virtual-service-type-vs",
  "text" : {
    "status" : "generated",
    "div" : "<div xmlns=\"http://www.w3.org/1999/xhtml\"><p>This value set includes codes based on the following rules:</p><ul><li>Include all codes defined in <code>urn:oid:2.16.840.1.113883.4.642.4.1809</code></li><li>Include all codes defined in <a href=\"http://hl7.org/fhir/R4/codesystem-contact-point-system.html\"><code>http://hl7.org/fhir/contact-point-system</code></a></li></ul></div>"
  },
  "url" : "http://example.org/ValueSet/no-basis-virtual-service-type-vs",
  "version" : "0.2.0",
  "name" : "NoBasisVirtualServiceTypeVS",
  "title" : "No Basis VirtualServiceType Value Set",
  "status" : "draft",
  "date" : "2023-07-21T08:53:22+02:00",
  "publisher" : "Example Publisher",
  "contact" : [{
    "name" : "Example Publisher",
    "telecom" : [{
      "system" : "url",
      "value" : "http://example.org/example-publisher"
    }]
  }],
  "description" : "Example codes for possible virtual service connection types.",
  "compose" : {
    "include" : [{
      "system" : "urn:oid:2.16.840.1.113883.4.642.4.1809"
    },
    {
      "system" : "http://hl7.org/fhir/contact-point-system"
    }]
  }
}