{
  "resourceType" : "Appointment",
  "id" : "NoBasisAppointmentExample1",
  "meta" : {
    "profile" : ["http://example.org/StructureDefinition/no-basis-Appointment-new"]
  },
  "text" : {
    "status" : "extensions",
    "div" : "<div xmlns=\"http://www.w3.org/1999/xhtml\"><p><b>Generated Narrative: Appointment</b><a name=\"NoBasisAppointmentExample1\"> </a></p><div style=\"display: inline-block; background-color: #d9e0e7; padding: 6px; margin: 4px; border: 1px solid #8da1b4; border-radius: 5px; line-height: 60%\"><p style=\"margin-bottom: 0px\">Resource Appointment &quot;NoBasisAppointmentExample1&quot; </p><p style=\"margin-bottom: 0px\">Profile: <a href=\"StructureDefinition-no-basis-Appointment-new.html\">no-basis-Appointment</a></p></div><blockquote><p><b>no-basis-Virtual-Service</b></p><blockquote><p><b>url</b></p><code>channelType</code></blockquote><p><b>value</b>: Microsoft Teams (Details: http://hl7.org/fhir/virtual-service-type code ms-teams = 'ms-teams', stated as 'Microsoft Teams')</p><blockquote><p><b>url</b></p><code>virtualAddress</code></blockquote><p><b>value</b>: <code>Url-address-for-ms-team-call</code></p></blockquote><p><b>no-basis-postponementreason</b>: 4</p><p><b>status</b>: waitlist</p><p><b>serviceCategory</b>: General Practice <span style=\"background: LightGoldenRodYellow; margin: 4px; border: 1px solid khaki\"> (codesystem-service-category#17)</span></p><p><b>serviceType</b>: \tHealth Counselling <span style=\"background: LightGoldenRodYellow; margin: 4px; border: 1px solid khaki\"> (codesystem-service-type#76)</span></p><p><b>specialty</b>: General practice <span style=\"background: LightGoldenRodYellow; margin: 4px; border: 1px solid khaki\"> (<a href=\"https://browser.ihtsdotools.org/\">SNOMED CT</a>#394814009)</span></p><p><b>appointmentType</b>: Ordinær time <span style=\"background: LightGoldenRodYellow; margin: 4px; border: 1px solid khaki\"> (unknown#Ordinær)</span></p><p><b>reasonReference</b>: <a href=\"Condition/example\">Condition/example: Severe burn of left ear</a></p><p><b>priority</b>: 5</p><p><b>description</b>: Discussion on the results of your recent MRI</p><p><b>start</b>: 10. mai 2023, 11:00:00</p><p><b>end</b>: 10. mai 2023, 13:00:00</p><p><b>created</b>: 2023-02-10</p><p><b>comment</b>: Further expand on the results of the MRI and determine the next actions that may be appropriate.</p><p><b>basedOn</b>: <a href=\"ServiceRequest/myringotomy\">ServiceRequest/myringotomy</a></p><blockquote><p><b>participant</b></p><p><b>actor</b>: <a href=\"Patient/example\">Patient/example: Peter James Chalmers</a></p><p><b>required</b>: required</p><p><b>status</b>: accepted</p></blockquote><blockquote><p><b>participant</b></p><p><b>type</b>: attender <span style=\"background: LightGoldenRodYellow; margin: 4px; border: 1px solid khaki\"> (<a href=\"http://terminology.hl7.org/5.0.0/CodeSystem-v3-ParticipationType.html\">ParticipationType</a>#ATND)</span></p><p><b>actor</b>: <a href=\"Practitioner/example\">Practitioner/example: Dr Adam Careful</a></p><p><b>required</b>: required</p><p><b>status</b>: accepted</p></blockquote></div>"
  },
  "extension" : [{
    "extension" : [{
      "url" : "channelType",
      "valueCoding" : {
        "system" : "http://hl7.org/fhir/virtual-service-type",
        "code" : "ms-teams",
        "display" : "Microsoft Teams"
      }
    },
    {
      "url" : "virtualAddress",
      "valueUrl" : "Url-address-for-ms-team-call"
    }],
    "url" : "http://example.org/StructureDefinition/no-basis-appointment/no-basis-virtualservice"
  },
  {
    "url" : "https://hl7.no/fhir/structuredefinition/no-basis-appointment/no-basis-postponementreason",
    "valueCode" : "4"
  }],
  "status" : "waitlist",
  "serviceCategory" : [{
    "coding" : [{
      "system" : "http://hl7.org/fhir/R4/codesystem-service-category",
      "code" : "17",
      "display" : "General Practice"
    }]
  }],
  "serviceType" : [{
    "coding" : [{
      "system" : "http://hl7.org/fhir/R4/codesystem-service-type",
      "code" : "76",
      "display" : "\tHealth Counselling"
    }]
  }],
  "specialty" : [{
    "coding" : [{
      "system" : "http://snomed.info/sct",
      "code" : "394814009",
      "display" : "General practice"
    }]
  }],
  "appointmentType" : {
    "coding" : [{
      "system" : "urn:oid:2.16.578.1.12.4.1.1.7617",
      "code" : "Ordinær",
      "display" : "Ordinær time"
    }]
  },
  "reasonReference" : [{
    "reference" : "Condition/example",
    "display" : "Severe burn of left ear"
  }],
  "priority" : 5,
  "description" : "Discussion on the results of your recent MRI",
  "start" : "2023-05-10T09:00:00Z",
  "end" : "2023-05-10T11:00:00Z",
  "created" : "2023-02-10",
  "comment" : "Further expand on the results of the MRI and determine the next actions that may be appropriate.",
  "basedOn" : [{
    "reference" : "ServiceRequest/myringotomy"
  }],
  "participant" : [{
    "actor" : {
      "reference" : "Patient/example",
      "display" : "Peter James Chalmers"
    },
    "required" : "required",
    "status" : "accepted"
  },
  {
    "type" : [{
      "coding" : [{
        "system" : "http://terminology.hl7.org/CodeSystem/v3-ParticipationType",
        "code" : "ATND"
      }]
    }],
    "actor" : {
      "reference" : "Practitioner/example",
      "display" : "Dr Adam Careful"
    },
    "required" : "required",
    "status" : "accepted"
  }]
}